<Root>
	<Map Id="406" NodeList="317" />
	<Map Id="317" NodeList="406,316" />
	<Map Id="316" NodeList="317,309" />
	<Map Id="309" NodeList="310,305" />
	<Map Id="310" NodeList="403,313" />
	<Map Id="313" NodeList="310" />
	<Map Id="403" NodeList="310" />
	<Map Id="305" NodeList="309,306,102" />
	<Map Id="306" NodeList="305" />
	<Map Id="102" NodeList="303,304,305" />
	<Map Id="303" NodeList="102,302" />
	<Map Id="202" NodeList="303" />
	<Map Id="302" NodeList="303,203,201,101" />
	<Map Id="203" NodeList="302" />
	<Map Id="201" NodeList="302" />
	
	<Map Id="304" NodeList="202" />
</Root>
